date,symbol,signal,raw_score,price,contracts,notional_usd,weight_pct,basket,return_pct,weighted_return_pct
2025-09-01,@AD#C,1,1.6669276874381467e-06,0.65625,19,1246875.0,2.4937500000000004,FX,-0.4876190476190446,-0.012159999999999928
2025-09-01,@BP#C,-1,-0.0045673842541873455,1.3546,-14,1185275.0,2.37055,FX,1.1073379595452624,0.026250000000000218
2025-09-01,@ES#C,-1,-0.0025286905001848936,6539.0,-10,3269500.0,6.539000000000001,EQUITY,0.5352500382321457,0.03500000000000001
2025-09-01,@EU#C,-1,-0.002719317330047488,1.1772,-8,1177200.0,2.3544,FX,0.4757050628610303,0.011200000000000097
2025-09-01,@FV#C,-1,-0.0005912645137868822,109.421875,-36,3939187.5,7.878375,RATESUS,0.07139797229758674,0.005624999999999999
2025-09-01,@JY#C,-1,-0.002001940505579114,0.006864,-14,1201200.0,2.4024,FX,0.6993006993007036,0.016800000000000103
2025-09-01,@NQ#C,-1,-0.001317839720286429,23733.0,-7,3322620.0,6.645239999999999,EQUITY,0.48771752412252983,0.03241
2025-09-01,@RTY#C,-1,-0.0021564001217484474,2389.5,-27,3225825.0,6.451650000000001,EQUITY,0.7616656204226749,0.04913999999999951
2025-09-01,@TY#C,-1,-0.0008020177483558655,112.375,-35,3933125.0,7.86625,RATESUS,0.09733036707452725,0.007656249999999999
2025-09-01,@US#C,1,0.00032033497700467706,113.90625,34,3872812.5,7.745625,RATESUS,-0.2743484224965706,-0.021249999999999998
2025-09-01,BD#C,-1,-0.0005124238668940961,128.21,-30,3846300.0,7.6926,RATESEU,0.27298962639420365,0.021000000000000508
2025-09-01,BL#C,-1,-0.0005595979164354503,117.94,-33,3892020.0,7.78404,RATESEU,0.1271833135492551,0.009899999999999437
2025-09-01,QBZ#C,1,0.02046542428433895,68.2,17,1159400.0,2.3188,Energy,1.2903225806451546,0.029919999999999846
2025-09-01,QCL#C,1,-0.0016931102145463228,64.74,18,1165320.0,2.3306400000000003,Energy,1.266604881062724,0.02952000000000027
2025-09-01,QGC#C,-1,-0.0030686925165355206,3544.7,-3,1063409.9999999998,2.1268199999999995,METALS,-1.3682399074674867,-0.029099999999999994
2025-09-01,QHG#C,-1,-0.0006477947463281453,4.5755,-10,1143875.0,2.28775,METALS,-1.234837722653257,-0.028249999999999886
2025-09-01,QNG#C,1,0.004566316492855549,2.935,10,293500.0,0.587,Energy,2.146507666098813,0.012600000000000031
2025-09-01,QPL#C,1,0.001841487712226808,1436.5,17,1221025.0,2.44205,METALS,-1.6985729202923836,-0.041480000000000156
2025-09-01,QRB#C,-1,-0.7327489256858826,1.9877,-13,1085284.2,2.1705684,Energy,-2.701614931830752,-0.05864039999999984
2025-09-01,QSI#C,-1,-0.0012735265772789717,41.57,-6,1247100.0,2.4941999999999998,METALS,-0.16839066634592323,-0.004200000000000017
2025-09-02,@AD#C,1,0.002472775988280773,0.65245,19,1239655.0,2.47931,FX,0.5517664188826803,0.01368000000000018
2025-09-02,@BO#C,-1,-0.004568720702081919,52.06,-11,343596.00000000006,0.6871920000000001,AGS,1.363810987322322,0.009372000000000012
2025-09-02,@BP#C,-1,-0.0009739672532305121,1.3394,-14,1171975.0,2.34395,FX,-0.4479617739286252,-0.01050000000000001
2025-09-02,@C#C,-1,-0.010404313914477825,417.75,-17,355087.5,0.710175,AGS,-0.0,-0.0
2025-09-02,@CT#C,1,0.00273468648083508,65.96,10,329799.99999999994,0.6595999999999999,AGS,0.7277137659187447,0.004800000000000039
2025-09-02,@ES#C,1,-3.0641196644864976e-05,6431.25,10,3215625.0,6.4312499999999995,EQUITY,1.0184645286686103,0.06549999999999999
2025-09-02,@EU#C,1,0.0008489132160320878,1.1724,8,1172400.0,2.3448,FX,0.1919140225179003,0.0044999999999997264
2025-09-02,@FV#C,-1,-0.0014273729175329208,109.265625,-36,3933562.5,7.867125,RATESUS,-0.2431002431002431,-0.019125
2025-09-02,@JY#C,1,-0.0003947157529182732,0.0068195,14,1193412.5,2.386825,FX,0.18329789574016217,0.004375000000000126
2025-09-02,@KW#C,1,0.006414790637791157,508.25,0,0.0,0.0,AGS,0.24594195769798327,0.0
2025-09-02,@NQ#C,1,0.0011927528539672494,23285.75,7,3260005.0,6.52001,EQUITY,1.5578196965955573,0.10157
2025-09-02,@RTY#C,1,0.00210550706833601,2353.0,28,3294200.0,6.5884,EQUITY,0.6459838504037322,0.04255999999999949
2025-09-02,@S#C,-1,-0.007954348810017109,1038.5,-6,311550.0,0.6231,AGS,0.6499759268175253,0.00405
2025-09-02,@SM#C,-1,-0.015113051049411297,278.5,-12,334200.0,0.6684,AGS,0.14362657091561123,0.0009599999999999455
2025-09-02,@TY#C,-1,-0.002400795929133892,112.15625,-35,3925468.75,7.850937500000001,RATESUS,-0.4179437169127891,-0.0328125
2025-09-02,@US#C,-1,-0.0028999680653214455,113.46875,-34,3857937.5,7.715875,RATESUS,-0.9914624070503993,-0.0765
2025-09-02,@W#C,-1,-0.00030273079755716026,524.0,-13,340600.0,0.6812,AGS,0.6679389312977099,0.00455
2025-09-02,BD#C,-1,-0.002625378081575036,127.82,-30,3834600.0,7.6692,RATESEU,-0.3755280863714741,-0.028800000000001092
2025-09-02,BL#C,-1,-0.0013237569946795702,117.77,-33,3886410.0,7.772819999999999,RATESEU,-0.16133140867792964,-0.01253999999999985
2025-09-02,QBZ#C,1,0.006821074988692999,68.97,17,1172490.0,2.34498,Energy,-1.899376540524869,-0.04454000000000007
2025-09-02,QCL#C,1,-0.00083641690434888,65.42,18,1177560.0,2.3551200000000003,Energy,-2.170590033628862,-0.05112000000000007
2025-09-02,QGC#C,1,0.0014165762113407254,3586.1,3,1075830.0,2.15166,METALS,1.3859066952957328,0.029820000000000166
2025-09-02,QHG#C,-1,-0.0017209494253620505,4.6135,-10,1153375.0000000002,2.3067500000000005,METALS,-0.3576460387991706,-0.00824999999999987
2025-09-02,QNG#C,1,0.005966694559901953,2.971,10,297100.0,0.5942000000000001,Energy,2.4234264557388108,0.014400000000000013
2025-09-02,QPL#C,1,0.002673888113349676,1411.9,17,1200115.0000000002,2.4002300000000005,METALS,2.9180536865216955,0.0700399999999997
2025-09-02,QRB#C,1,0.013650256209075451,2.0309,13,1108871.4,2.2177428,Energy,-0.7632084297601973,-0.016925999999999834
2025-09-02,QSI#C,1,0.0004745683690998703,41.665,6,1249950.0,2.4999000000000002,METALS,0.9000360014400577,0.022500000000000006
2025-09-03,@AD#C,1,-0.0002609664516057819,0.65585,19,1246115.0,2.49223,FX,-0.5946481665014888,-0.014820000000000054
2025-09-03,@BO#C,-1,-0.004426851402968168,51.7,-11,341220.0,0.68244,AGS,0.6576402321083238,0.004488000000000045
2025-09-03,@BP#C,1,4.9041562306229025e-05,1.3451,14,1176962.5,2.3539250000000003,FX,-0.1932941788714546,-0.004549999999999888
2025-09-03,@C#C,-1,-0.002121336292475462,416.75,-17,354237.5,0.708475,AGS,-0.6598680263947211,-0.004675
2025-09-03,@CT#C,1,0.00048370083095505834,66.25,10,331250.0,0.6625,AGS,-0.2566037735849082,-0.0017000000000000168
2025-09-03,@ES#C,1,0.0023760907351970673,6502.5,10,3251250.0,6.5024999999999995,EQUITY,0.5420991926182238,0.035250000000000004
2025-09-03,@EU#C,1,-6.339688115986064e-05,1.1746,8,1174600.0,2.3491999999999997,FX,-0.32351438787672615,-0.00760000000000005
2025-09-03,@FV#C,-1,-0.0003443098976276815,109.5,-36,3942000.0,7.8839999999999995,RATESUS,-0.14269406392694062,-0.011249999999999998
2025-09-03,@JY#C,-1,-0.0006969886599108577,0.0068305,-14,1195337.4999999998,2.3906749999999994,FX,0.4611668252690054,0.011024999999999792
2025-09-03,@KW#C,-1,0.0017055803909897804,508.5,0,0.0,0.0,AGS,0.4916420845624385,0.0
2025-09-03,@NQ#C,1,0.006479365285485983,23653.25,7,3311455.0,6.62291,EQUITY,0.5189561688140107,0.03437
2025-09-03,@RTY#C,1,0.008270366117358208,2368.7,28,3316179.9999999995,6.632359999999999,EQUITY,0.5488242495883818,0.0364
2025-09-03,@S#C,1,0.005467519164085388,1033.25,6,309975.0,0.61995,AGS,-0.16936849745947255,-0.0010500000000000002
2025-09-03,@SM#C,1,0.020861146971583366,277.9,12,333480.0,0.66696,AGS,0.9355883411299112,0.006240000000000056
2025-09-03,@TY#C,-1,-2.510062768124044e-05,112.5625,-35,3939687.5,7.879375,RATESUS,-0.2637423653525819,-0.020781249999999998
2025-09-03,@US#C,1,0.0009560243925079703,114.46875,34,3891937.5,7.783875,RATESUS,0.38220038220038216,0.029749999999999995
2025-09-03,@W#C,-1,-0.0007970762671902776,523.25,-13,340112.5,0.680225,AGS,0.6211180124223602,0.004225
2025-09-03,BD#C,-1,-0.001147520961239934,128.27,-30,3848100.0000000005,7.6962,RATESEU,-0.1949013799017697,-0.015
2025-09-03,BL#C,-1,-0.0005559738492593169,117.95,-33,3892350.0,7.7847,RATESEU,-0.06782534972445807,-0.005279999999999887
2025-09-03,QBZ#C,1,0.008292006328701973,68.32,17,1161439.9999999998,2.3228799999999996,Energy,-1.7564402810304285,-0.040799999999999614
2025-09-03,QCL#C,-1,-0.0073223114013671875,64.7,-18,1164600.0000000002,2.3292,Energy,1.7001545595054117,0.03960000000000005
2025-09-03,QGC#C,-1,-0.0002481159463059157,3628.6,-3,1088580.0,2.1771599999999998,METALS,0.49881496996086394,0.010859999999999944
2025-09-03,QHG#C,1,0.0024414837826043367,4.617,10,1154250.0,2.3085,METALS,-1.2887156162009938,-0.029749999999999943
2025-09-03,QNG#C,-1,-0.00929544772952795,3.064,-10,306400.0,0.6128,Energy,-0.29373368146213763,-0.0017999999999999794
2025-09-03,QPL#C,1,0.002157230395823717,1458.5,17,1239725.0,2.47945,METALS,-5.505656496400408,-0.1365099999999999
2025-09-03,QRB#C,1,0.009796848520636559,2.0322,13,1109581.2,2.2191624,Energy,-0.9103434701308908,-0.02020199999999996
2025-09-03,QSI#C,-1,-0.00467211939394474,41.985,-5,1049625.0,2.09925,METALS,1.274264618316057,0.02674999999999983
2025-09-04,@AD#C,1,0.0023756290320307016,0.65205,19,1238895.0000000002,2.4777900000000006,FX,0.7974848554558673,0.01975999999999994
2025-09-04,@BO#C,-1,-0.0015616363380104303,51.06,-11,336996.00000000006,0.673992,AGS,0.07833920877398971,0.0005279999999999888
2025-09-04,@BP#C,1,0.002080728067085147,1.3442,14,1176175.0,2.35235,FX,0.6472251153102164,0.015224999999999876
2025-09-04,@C#C,-1,-0.0065131522715091705,418.5,-17,355725.0,0.71145,AGS,-0.0,-0.0
2025-09-04,@CT#C,1,0.0025833887048065662,66.04,10,330200.00000000006,0.6604000000000001,AGS,0.25741974560870307,0.0016999999999998754
2025-09-04,@ES#C,1,0.00031181538361124694,6540.0,10,3270000.0,6.54,EQUITY,0.00382262996941896,0.00025
2025-09-04,@EU#C,-1,-0.0018858762923628092,1.1716,-8,1171600.0,2.3432,FX,-0.7767156025947515,-0.018200000000000216
2025-09-04,@FV#C,-1,-0.0003838887787424028,109.609375,-36,3945937.5,7.891875,RATESUS,-0.36350677120456165,-0.028687499999999998
2025-09-04,@JY#C,1,0.002467003185302019,0.006798,14,1189650.0,2.3793,FX,1.0002942041776919,0.023799999999999825
2025-09-04,@KW#C,-1,-0.005145628470927477,505.25,0,0.0,0.0,AGS,0.09896091044037605,0.0
2025-09-04,@NQ#C,1,0.0006112633273005486,23776.25,7,3328675.0,6.657349999999999,EQUITY,0.4878818148362336,0.032479999999999995
2025-09-04,@RTY#C,1,0.003100033150985837,2383.8,27,3218130.0000000005,6.436260000000001,EQUITY,0.9858209581340717,0.06345
2025-09-04,@S#C,1,-0.004496786277741194,1026.75,6,308025.0,0.61605,AGS,0.38957876795714635,0.0024000000000000002
2025-09-04,@SM#C,-1,-0.0005492818308994174,279.6,-12,335520.0,0.67104,AGS,-0.6795422031473453,-0.004559999999999946
2025-09-04,@TY#C,-1,-0.0012181912316009402,112.78125,-35,3947343.75,7.8946875,RATESUS,-0.6234413965087282,-0.04921875
2025-09-04,@US#C,-1,-0.002341508399695158,114.75,-34,3901500.0,7.803,RATESUS,-1.4978213507625273,-0.116875
2025-09-04,@W#C,-1,-0.0023826288525015116,517.25,-13,336212.5,0.672425,AGS,-0.1933301111648139,-0.0013
2025-09-04,BD#C,-1,-0.0008786715334281325,128.5,-30,3855000.0,7.71,RATESEU,-0.41245136186770515,-0.031800000000000064
2025-09-04,BL#C,-1,-0.000392598332837224,118.01,-33,3894330.0000000005,7.788660000000001,RATESEU,-0.20337259554274625,-0.015839999999999663
2025-09-04,QBZ#C,1,0.010159140452742577,66.99,17,1138830.0,2.27766,Energy,-2.239140170174653,-0.051000000000000004
2025-09-04,QCL#C,-1,-0.002781615359708667,63.46,-18,1142280.0,2.28456,Energy,2.552789158525051,0.05831999999999991
2025-09-04,QGC#C,1,0.0010607826989144087,3612.3,3,1083690.0000000002,2.1673800000000005,METALS,1.0824128671483517,0.023459999999999953
2025-09-04,QHG#C,-1,-0.0010403026826679707,4.5695,-10,1142374.9999999998,2.28475,METALS,0.40485829959513114,0.009249999999999758
2025-09-04,QNG#C,-1,-0.00574792455881834,3.113,-10,311300.0,0.6225999999999999,Energy,1.1885640860905853,0.007399999999999983
2025-09-04,QPL#C,1,0.006604943424463272,1383.7,18,1245330.0,2.49066,METALS,0.29630700296306345,0.007379999999999836
2025-09-04,QRB#C,1,0.0036028188187628984,2.0228,13,1104448.8,2.2088976,Energy,-3.2133676092545067,-0.07098000000000017
2025-09-04,QSI#C,-1,-0.00011513363278936595,41.445,-6,1243350.0,2.4867,METALS,-0.21715526601519194,-0.005399999999999778
2025-09-05,@AD#C,-1,-0.002340136794373393,0.6577,-19,1249630.0,2.49926,FX,-0.26607875931276104,-0.0066500000000001116
2025-09-05,@BO#C,-1,-0.05765315890312195,50.95,-11,336270.0,0.67254,AGS,0.15701668302258173,0.0010560000000000712
2025-09-05,@BP#C,-1,-0.0008807989070191979,1.3546,-14,1185275.0,2.37055,FX,0.04429351838180525,0.0010499999999998844
2025-09-05,@C#C,-1,-0.010749380104243755,422.5,-16,338000.0,0.676,AGS,0.41420118343195267,0.0028000000000000004
2025-09-05,@CT#C,-1,0.0005021794931963086,66.01,-10,330050.0,0.6601,AGS,-0.5605211331616275,-0.0036999999999999035
2025-09-05,@ES#C,0,-0.0017143680015578866,6532.5,0,0.0,0.0,EQUITY,0.0,0.0
2025-09-05,@EU#C,-1,-0.0003348859609104693,1.18265,-8,1182650.0,2.3653,FX,0.16065615355346155,0.003800000000000026
2025-09-05,@FV#C,-1,-5.362561932997778e-05,110.0703125,-36,3962531.25,7.9250625,RATESUS,0.11356377315636312,0.009000000000000001
2025-09-05,@JY#C,-1,-0.00017001453670673072,0.0068795,-14,1203912.5000000002,2.4078250000000008,FX,0.581437604477071,0.014000000000000042
2025-09-05,@KW#C,1,-0.0021209758706390858,507.5,0,0.0,0.0,AGS,1.625615763546798,0.0
2025-09-05,@NQ#C,1,0.0002996387775056064,23856.75,6,2862810.0,5.72562,EQUITY,0.807947436260178,0.04626
2025-09-05,@RTY#C,0,0.0006340253166854382,2402.5,0,0.0,0.0,EQUITY,0.0,0.0
2025-09-05,@S#C,-1,-0.004682951606810093,1033.25,-6,309975.0,0.61995,AGS,-0.09678199854827002,-0.0006000000000000001
2025-09-05,@SM#C,-1,-0.015781303867697716,282.0,-12,338400.0,0.6768,AGS,0.035460992907809484,0.00024000000000005457
2025-09-05,@TY#C,1,-0.0005150092765688896,113.5625,35,3974687.5,7.949375,RATESUS,-0.0825536598789213,-0.0065625
2025-09-05,@US#C,-1,0.00024920719442889094,116.5,-34,3961000.0,7.922,RATESUS,-0.5364806866952789,-0.042499999999999996
2025-09-05,@W#C,-1,-0.0075630685314536095,521.25,-13,338812.5,0.677625,AGS,-0.28776978417266186,-0.00195
2025-09-05,BD#C,1,1.4074385035200976e-05,129.08,30,3872400.0000000005,7.744800000000001,RATESEU,0.12395413696931869,0.009599999999999794
2025-09-05,BL#C,1,0.0001812197733670473,118.3,33,3903900.0,7.807799999999999,RATESEU,0.025359256128487856,0.0019800000000000746
2025-09-05,QBZ#C,-1,-0.5967367887496948,65.11,-17,1106870.0,2.21374,Energy,-1.2594071571187335,-0.027880000000000252
2025-09-05,QCL#C,-1,-0.009321315214037895,61.53,-18,1107540.0,2.21508,Energy,-1.13765642775881,-0.025199999999999844
2025-09-05,QGC#C,1,0.0024863979779183865,3647.4,3,1094220.0,2.18844,METALS,0.9349125404397628,0.020459999999999944
2025-09-05,QHG#C,-1,-0.0015245662070810795,4.553,-10,1138250.0,2.2765,METALS,-0.16472655392049823,-0.003750000000000142
2025-09-05,QNG#C,-1,-0.0033665732480585575,3.057,-10,305700.0,0.6113999999999999,Energy,-1.1122015047432205,-0.00680000000000005
2025-09-05,QPL#C,1,0.0046158586628735065,1384.7,18,1246230.0,2.4924600000000003,METALS,0.2960930165378716,0.007379999999999836
2025-09-05,QRB#C,-1,-0.008266941644251347,1.9507,-13,1065082.2,2.1301644,Energy,-0.22043369047008615,-0.004695599999999967
2025-09-05,QSI#C,-1,-0.0007774844416417181,41.58,-6,1247400.0,2.4948,METALS,-0.829725829725827,-0.020699999999999934
2025-09-08,@AD#C,1,0.0017151791835203767,0.6599,18,1187820.0000000002,2.37564,FX,0.007576905591755491,0.00017999999999998014
2025-09-08,@BO#C,1,0.0048700906336307526,50.52,11,333432.0,0.666864,AGS,-1.4053840063341267,-0.00937200000000001
2025-09-08,@BP#C,1,0.001975370803847909,1.3549,14,1185537.5,2.371075,FX,-0.0811868034541369,-0.0019250000000001764
2025-09-08,@C#C,1,0.00080015481216833,418.75,17,355937.5,0.711875,AGS,0.11940298507462686,0.00085
2025-09-08,@CT#C,-1,-0.007318449206650257,66.27,-10,331349.99999999994,0.6627,AGS,-0.4376037422664951,-0.0029000000000000627
2025-09-08,@ES#C,-1,-0.0008066765731200576,6568.75,-10,3284375.0,6.56875,EQUITY,0.06470028544243578,0.00425
2025-09-08,@EU#C,1,0.0002941190905403346,1.18175,8,1181750.0,2.3635,FX,-0.2750158662999767,-0.00649999999999995
2025-09-08,@FV#C,1,9.494870027992874e-05,110.0078125,36,3960281.25,7.9205625,RATESUS,-0.17044244016760174,-0.013500000000000002
2025-09-08,@JY#C,-1,-0.0004281100700609386,0.006844,-14,1197700.0,2.3954,FX,-0.21186440677965745,-0.005074999999999915
2025-09-08,@KW#C,1,0.004857627674937248,512.25,0,0.0,0.0,AGS,-0.4880429477794046,-0.0
2025-09-08,@NQ#C,-1,-0.0008213717374019325,24110.25,-6,2893230.0,5.78646,EQUITY,0.21152829190904282,0.01224
2025-09-08,@RTY#C,-1,-0.0030775254126638174,2410.7,-27,3254444.9999999995,6.508889999999999,EQUITY,0.6263740822167798,0.04076999999999975
2025-09-08,@S#C,1,0.002124559134244919,1027.75,6,308325.0,0.61665,AGS,0.024324981756263683,0.00015000000000000001
2025-09-08,@SM#C,1,0.0035966974683105946,281.3,12,337560.00000000006,0.6751200000000002,AGS,1.3864201919658645,0.009359999999999946
2025-09-08,@TY#C,1,0.0009289515437558293,113.578125,35,3975234.375,7.950468750000001,RATESUS,-0.24762690879075525,-0.0196875
2025-09-08,@US#C,1,0.001940751215443015,117.3125,34,3988625.0,7.97725,RATESUS,-0.26638252530633993,-0.02125
2025-09-08,@W#C,-1,-0.000803621020168066,521.75,-13,339137.5,0.678275,AGS,0.287494010541447,0.0019499999999999997
2025-09-08,BD#C,-1,-0.0013644818682223558,129.28,-30,3878400.0,7.7568,RATESEU,0.09282178217822135,0.007200000000000273
2025-09-08,BL#C,-1,-0.00047031365102156997,118.35,-33,3905549.9999999995,7.811099999999999,RATESEU,0.08449514152935726,0.0065999999999996235
2025-09-08,QBZ#C,1,0.009404649958014488,66.16,17,1124720.0,2.2494400000000003,Energy,0.5894800483675946,0.013260000000000024
2025-09-08,QCL#C,1,-0.0031947705429047346,62.45,18,1124100.0000000002,2.2482000000000006,Energy,0.5284227381905496,0.01187999999999994
2025-09-08,QGC#C,1,0.002369384979829192,3680.1,3,1104030.0,2.2080599999999997,METALS,0.11141001603217056,0.002459999999999945
2025-09-08,QHG#C,-1,-0.004034488927572966,4.569,-10,1142250.0,2.2845,METALS,-0.02188662727074489,-0.0005000000000001671
2025-09-08,QNG#C,1,0.004137543495744467,3.094,10,309400.0,0.6188,Energy,-0.19392372333548105,-0.0011999999999999567
2025-09-08,QPL#C,1,0.0029057906940579414,1392.5,17,1183625.0,2.36725,METALS,-1.6014362657091528,-0.037909999999999916
2025-09-08,QRB#C,1,0.007273463997989893,1.9588,13,1069504.8,2.1390096,Energy,1.8889115785174555,0.04040399999999991
2025-09-08,QSI#C,1,0.008749480359256268,42.08,5,1052000.0,2.104,METALS,-1.817965779467682,-0.03825000000000003
2025-09-09,@AD#C,1,0.0003524496278259903,0.65995,18,1187910.0,2.37582,FX,0.4394272293355578,0.010440000000000048
2025-09-09,@BO#C,1,0.0018366932636126876,50.28,11,331848.0,0.663696,AGS,0.47732696897375093,0.003168000000000026
2025-09-09,@BP#C,1,0.00013567271525971591,1.3535,14,1184312.4999999998,2.3686249999999998,FX,0.029553010712979534,0.0007000000000003115
2025-09-09,@C#C,-1,-0.005453237798064947,421.0,-16,336800.0,0.6736,AGS,0.7719714964370546,0.0052
2025-09-09,@CT#C,-1,-0.002676651580259204,66.39,-10,331950.0,0.6639,AGS,-0.46693779183612333,-0.0031000000000000233
2025-09-09,@ES#C,-1,-0.0007891919231042266,6556.5,-10,3278250.0,6.5565,EQUITY,-0.7054068481659421,-0.04624999999999999
2025-09-09,@EU#C,1,0.0005103885778225958,1.17885,8,1178850.0,2.3577,FX,-0.14844976035966564,-0.003499999999999837
2025-09-09,@FV#C,1,0.0011287641245871782,109.796875,36,3952687.5,7.905375,RATESUS,0.08538494378824535,0.006750000000000002
2025-09-09,@JY#C,1,0.0004769524675793946,0.00686,14,1200500.0,2.401,FX,-0.1093294460641355,-0.002624999999999893
2025-09-09,@KW#C,1,0.0064621418714523315,512.5,0,0.0,0.0,AGS,-1.170731707317073,-0.0
2025-09-09,@NQ#C,1,0.0025528939440846443,24022.25,6,2882670.0,5.76534,EQUITY,0.5827930356232243,0.0336
2025-09-09,@RTY#C,-1,-0.0017664558254182339,2395.8,-27,3234330.0000000005,6.468660000000001,EQUITY,-0.25043826696719257,-0.016200000000000003
2025-09-09,@S#C,-1,-0.005402068607509136,1031.5,-6,309450.0,0.6189,AGS,0.7270964614638876,0.0045000000000000005
2025-09-09,@SM#C,-1,-0.00938030518591404,285.2,-12,342239.99999999994,0.6844799999999999,AGS,0.9467040673211741,0.006479999999999971
2025-09-09,@TY#C,1,0.0012197212781757116,113.265625,35,3964296.875,7.92859375,RATESUS,0.22072009932404468,0.017499999999999998
2025-09-09,@US#C,1,0.0021309833973646164,117.0,34,3978000.0,7.956,RATESUS,0.4273504273504274,0.034
2025-09-09,@W#C,1,0.002713574329391122,521.5,13,338975.0,0.6779499999999999,AGS,-1.102588686481304,-0.007474999999999999
2025-09-09,BD#C,1,0.0005284963408485055,129.11,30,3873300.0,7.746599999999999,RATESEU,0.13167066842226588,0.010199999999999248
2025-09-09,BL#C,1,0.0004973963368684053,118.26,33,3902580.0000000005,7.805160000000002,RATESEU,-0.01691188905801643,-0.0013200000000006755
2025-09-09,QBZ#C,1,0.0066843293607234955,66.68,17,1133560.0000000002,2.2671200000000007,Energy,1.5446910617876226,0.03501999999999956
2025-09-09,QCL#C,-1,-0.0036239945329725742,62.93,-18,1132740.0,2.2654799999999997,Energy,-1.6685205784204626,-0.03779999999999989
2025-09-09,QGC#C,1,0.002198288682848215,3684.3,3,1105290.0000000002,2.2105800000000007,METALS,-0.0624270553429466,-0.0013800000000001092
2025-09-09,QHG#C,-1,-0.004130511078983545,4.5655,-10,1141375.0,2.28275,METALS,-1.1718322199101885,-0.02674999999999983
2025-09-09,QNG#C,-1,-0.0005298556061461568,3.061,-10,306100.0,0.6122,Energy,0.5227049983665474,0.003200000000000003
2025-09-09,QPL#C,1,0.002600668231025338,1372.3,18,1235070.0,2.47014,METALS,1.6104350360708402,0.039780000000000246
2025-09-09,QRB#C,-1,-0.0041306279599666595,1.9921,-13,1087686.6,2.1753732,Energy,-1.1244415440991906,-0.024460799999999977
2025-09-09,QSI#C,1,0.00854399986565113,41.365,6,1240950.0,2.4819,METALS,0.5922881663241809,0.014699999999999847
2025-09-10,@AD#C,1,0.0017294405261054635,0.6634,18,1194120.0,2.38824,FX,0.5125113053964363,0.012239999999999852
2025-09-10,@BO#C,-1,0.00299615366384387,50.38,-11,332508.00000000006,0.6650160000000002,AGS,-1.3894402540690665,-0.009239999999999944
2025-09-10,@BP#C,-1,-0.0003019862633664161,1.3549,-14,1185537.5,2.371075,FX,-0.22879917337073605,-0.00542500000000018
2025-09-10,@C#C,1,-9.278310608351603e-05,417.5,17,354875.0,0.70975,AGS,0.47904191616766467,0.0034
2025-09-10,@CT#C,-1,0.0006287664291448891,66.67,-10,333350.0,0.6667000000000001,AGS,0.2249887505624804,0.001500000000000057
2025-09-10,@ES#C,1,0.0009067296632565558,6606.25,10,3303125.0,6.606249999999999,EQUITY,0.5827814569536424,0.0385
2025-09-10,@EU#C,1,0.0013582115061581135,1.178,8,1178000.0,2.3560000000000003,FX,0.16977928692699507,0.004000000000000004
2025-09-10,@FV#C,-1,-4.553876715363003e-05,109.9140625,-36,3956906.25,7.913812500000001,RATESUS,-0.0355391285805672,-0.0028125
2025-09-10,@JY#C,1,0.0013922762591391802,0.006853,14,1199275.0,2.39855,FX,0.16051364365971973,0.0038500000000002083
2025-09-10,@KW#C,-1,-0.006866274867206812,508.25,0,0.0,0.0,AGS,-0.0983767830791933,-0.0
2025-09-10,@NQ#C,1,0.0017084788996726274,24187.5,6,2902500.0,5.805,EQUITY,0.24289405684754523,0.0141
2025-09-10,@RTY#C,0,-0.0008667393121868372,2404.4,0,0.0,0.0,EQUITY,0.0,0.0
2025-09-10,@S#C,1,0.007411416620016098,1028.25,6,308475.0,0.61695,AGS,0.5592025285679553,0.00345
2025-09-10,@SM#C,1,0.009921537712216377,283.7,12,340439.99999999994,0.6808799999999998,AGS,0.7049700387733522,0.0048
2025-09-10,@TY#C,1,8.966244786279276e-05,113.515625,35,3973046.875,7.946093749999999,RATESUS,0.17894012388162422,0.014218749999999999
2025-09-10,@US#C,1,0.00030620218603871763,117.4375,34,3992875.0,7.9857499999999995,RATESUS,0.45236828100053217,0.036125
2025-09-10,@W#C,1,0.003898932132869959,516.75,13,335887.5,0.671775,AGS,0.6773101112723754,0.004549999999999999
2025-09-10,BD#C,1,0.00028383213793858886,129.2,30,3875999.9999999995,7.751999999999999,RATESEU,-0.038699690402463585,-0.002999999999998977
2025-09-10,BL#C,1,0.000100751465652138,118.27,33,3902910.0,7.80582,RATESEU,-0.19447027986808976,-0.015179999999999323
2025-09-10,QBZ#C,1,0.011689750477671623,67.68,17,1150560.0000000002,2.3011200000000005,Energy,-1.8469267139479904,-0.04250000000000001
2025-09-10,QCL#C,1,-0.0006079481681808829,63.97,18,1151460.0,2.30292,Energy,-2.3292168203845587,-0.053640000000000077
2025-09-10,QGC#C,-1,-0.0016167089343070984,3683.7,-3,1105109.9999999998,2.2102199999999996,METALS,0.2578928794418655,0.0056999999999999985
2025-09-10,QHG#C,1,0.003752229269593954,4.6175,10,1154375.0,2.30875,METALS,0.877097996751503,0.020250000000000323
2025-09-10,QNG#C,1,0.0012914572143927217,3.036,10,303600.0,0.6072,Energy,-2.667984189723319,-0.016199999999999992
2025-09-10,QPL#C,1,0.00010964078683173284,1394.8,17,1185580.0,2.3711599999999997,METALS,0.3871522798967659,0.009180000000000153
2025-09-10,QRB#C,-1,0.0009566625813022256,2.0144,-13,1099862.4000000001,2.1997248000000003,Energy,1.6580619539316963,0.036472800000000104
2025-09-10,QSI#C,-1,-0.0027781289536505938,41.625,-6,1248750.0,2.4975,METALS,-1.3933933933933893,-0.0347999999999999
2025-09-11,@AD#C,-1,-0.001977657899260521,0.6665,-18,1199700.0,2.3994,FX,0.2100525131282756,0.005039999999999845
2025-09-11,@BO#C,-1,-0.06888292729854584,50.93,-11,336138.0,0.672276,AGS,-1.8653053210288688,-0.012540000000000037
2025-09-11,@BP#C,-1,-0.0007285356987267733,1.3568,-14,1187200.0,2.3744,FX,0.04422169811320267,0.0010499999999998844
2025-09-11,@C#C,-1,-0.0027785145211964846,417.5,-17,354875.0,0.70975,AGS,-2.095808383233533,-0.014874999999999998
2025-09-11,@CT#C,1,-0.0003467437345534563,66.9,10,334500.0,0.6689999999999999,AGS,-0.04484304932735596,-0.0003000000000000113
2025-09-11,@ES#C,-1,-0.0008637714199721813,6645.5,-10,3322750.0,6.6455,EQUITY,-0.08276277180046648,-0.0055000000000000005
2025-09-11,@EU#C,-1,-0.0009012311929836869,1.1795,-8,1179500.0,2.359,FX,0.05086901229333904,0.0011999999999998678
2025-09-11,@FV#C,-1,-0.00043836934491991997,109.9609375,-36,3958593.75,7.917187500000001,RATESUS,0.2628774422735346,0.020812499999999998
2025-09-11,@JY#C,-1,-0.002118795644491911,0.006859,-14,1200325.0,2.40065,FX,0.35719492637409755,0.008574999999999774
2025-09-11,@KW#C,-1,-0.013877811841666698,506.5,0,0.0,0.0,AGS,-1.3820335636722607,-0.0
2025-09-11,@NQ#C,1,0.0003098971501458436,24262.5,6,2911500.0,5.8229999999999995,EQUITY,0.3544564657393096,0.02064
2025-09-11,@RTY#C,1,0.0020565742161124945,2431.5,27,3282525.0,6.56505,EQUITY,-0.3536911371581291,-0.023219999999999755
2025-09-11,@S#C,1,-0.0021855190861970186,1035.0,6,310500.0,0.621,AGS,0.7004830917874396,0.004350000000000001
2025-09-11,@SM#C,1,0.0035390991251915693,286.2,12,343439.99999999994,0.6868799999999998,AGS,-0.4891684136967077,-0.003359999999999945
2025-09-11,@TY#C,-1,-0.0014007168356329203,113.71875,-35,3980156.25,7.9603125,RATESUS,0.42594119263533936,0.03390625
2025-09-11,@US#C,-1,-0.001571239554323256,117.90625,-33,3890906.25,7.7818125,RATESUS,0.5300821627352239,0.041249999999999995
2025-09-11,@W#C,1,0.0001516490738140419,518.0,13,336700.0,0.6734,AGS,0.916988416988417,0.006175000000000001
2025-09-11,BD#C,-1,-0.0008504032157361507,129.13,-30,3873899.9999999995,7.747799999999999,RATESEU,0.3872066909316193,0.029999999999999995
2025-09-11,BL#C,-1,-0.001050185994245112,118.1,-33,3897299.9999999995,7.794599999999999,RATESEU,0.2032176121930524,0.01583999999999966
2025-09-11,QBZ#C,1,0.005496508441865444,66.4,17,1128800.0000000002,2.2576000000000005,Energy,0.662650602409635,0.014959999999999925
2025-09-11,QCL#C,-1,-0.0005761945503763855,62.49,-18,1124820.0,2.24964,Energy,-0.11201792286765928,-0.00252000000000001
2025-09-11,QGC#C,1,0.0005884106503799558,3672.0,3,1101600.0,2.2032,METALS,0.4302832244008764,0.009480000000000108
2025-09-11,QHG#C,1,0.003322650445625186,4.653,10,1163249.9999999998,2.3264999999999993,METALS,-0.010745755426600537,-0.00024999999999986144
2025-09-11,QNG#C,-1,-0.0034924105275422335,2.962,-10,296200.0,0.5923999999999999,Energy,0.03376097231601397,0.00020000000000006677
2025-09-11,QPL#C,-1,-0.0004424179787747562,1398.5,-17,1188725.0,2.37745,METALS,-1.0725777618877368,-0.0255
2025-09-11,QRB#C,1,0.008086985908448696,1.9757,13,1078732.2,2.1574644,Energy,0.6377486460494987,0.013759199999999938
2025-09-11,QSI#C,1,0.0015360706020146608,42.045,5,1051125.0,2.1022499999999997,METALS,1.7362349863241688,0.03649999999999983
2025-09-12,@AD#C,-1,-0.0008777547627687454,0.6643,-18,1195740.0,2.39148,FX,-0.4666566310401914,-0.011159999999999969
2025-09-12,@BO#C,-1,-0.0675916001200676,51.75,-11,341550.0,0.6831,AGS,-0.5217391304347886,-0.003564000000000041
2025-09-12,@BP#C,-1,-0.002882733941078186,1.3548,-14,1185450.0,2.3709000000000002,FX,-0.3985828166519096,-0.009450000000000125
2025-09-12,@C#C,-1,-0.004194645676761866,424.5,-16,339600.0,0.6792,AGS,0.058892815076560655,0.00039999999999999996
2025-09-12,@CT#C,-1,-0.002427303697913885,66.69,-10,333450.0,0.6668999999999999,AGS,-0.11995801469485426,-0.000799999999999983
2025-09-12,@ES#C,-1,-0.0011856299825012684,6646.5,-10,3323250.0,6.6465,EQUITY,-0.3723764387271496,-0.024749999999999998
2025-09-12,@EU#C,-1,-0.0003641597577370703,1.17765,-8,1177650.0,2.3553,FX,-0.3736254404958994,-0.008799999999999919
2025-09-12,@FV#C,-1,-6.774781650165096e-05,109.6171875,-36,3946218.75,7.892437500000001,RATESUS,-0.17104981825956808,-0.0135
2025-09-12,@JY#C,-1,-0.0004449391271919012,0.0068265,-14,1194637.5,2.389275,FX,-0.35889548084670353,-0.008575000000000076
2025-09-12,@KW#C,-1,-0.007456091232597828,508.5,0,0.0,0.0,AGS,-1.376597836774828,-0.0
2025-09-12,@NQ#C,-1,2.394644070591312e-05,24328.5,-6,2919420.0,5.83884,EQUITY,-0.7357625829788108,-0.04296
2025-09-12,@RTY#C,-1,-0.00252536591142416,2419.8,-27,3266730.0000000005,6.533460000000001,EQUITY,-0.23142408463509004,-0.015119999999999755
2025-09-12,@S#C,-1,-0.00352649949491024,1042.25,-6,312675.0,0.6253500000000001,AGS,-0.3358119453106261,-0.0021000000000000003
2025-09-12,@SM#C,1,0.0008770284475758672,286.0,12,343200.0,0.6864,AGS,-0.2797202797202837,-0.0019200000000000274
2025-09-12,@TY#C,-1,-0.0005512995412573218,113.140625,-35,3959921.875,7.91984375,RATESUS,-0.29001519127192377,-0.02296875
2025-09-12,@US#C,-1,-0.0005548433982767165,117.03125,-34,3979062.5,7.958125000000001,RATESUS,-0.6942590120160214,-0.05525000000000001
2025-09-12,@W#C,-1,-0.0024465161841362715,519.5,-13,337675.0,0.67535,AGS,-1.395572666025024,-0.009425
2025-09-12,BD#C,1,0.00021018926054239273,128.52,30,3855600.0000000005,7.711200000000002,RATESEU,0.1478369125427931,0.011399999999999863
2025-09-12,BL#C,1,0.00028321900754235685,117.81,33,3887730.0,7.775459999999999,RATESEU,0.04244121891180473,0.0032999999999998118
2025-09-12,QBZ#C,1,0.004635428078472614,67.46,17,1146820.0,2.29364,Energy,-0.1630595908686621,-0.003739999999999981
2025-09-12,QCL#C,1,-0.001202563289552927,63.24,18,1138320.0,2.27664,Energy,-0.03162555344719027,-0.0007200000000001126
2025-09-12,QGC#C,-1,-0.0011551504721865058,3682.3,-3,1104690.0000000002,2.2093800000000003,METALS,-0.9722184504249988,-0.021479999999999843
2025-09-12,QHG#C,-1,-0.0052689239382743835,4.6515,-10,1162875.0,2.32575,METALS,-1.4188971299580744,-0.03299999999999992
2025-09-12,QNG#C,-1,-0.0005545280291698873,2.976,-10,297600.0,0.5952,Energy,-0.7728494623655958,-0.004600000000000026
2025-09-12,QPL#C,-1,-0.005559459328651428,1411.9,-17,1200115.0000000002,2.4002300000000005,METALS,-0.23372760110489088,-0.005609999999999923
2025-09-12,QRB#C,-1,-0.004835666622966528,2.0031,-13,1093692.5999999999,2.1873851999999996,Energy,-0.2945434576406578,-0.006442800000000017
2025-09-12,QSI#C,1,0.0032471634913235903,42.675,5,1066875.0,2.13375,METALS,0.5975395430580025,0.012750000000000128
2025-09-15,@AD#C,-1,-0.0018477942794561386,0.66785,-18,1202130.0,2.4042600000000003,FX,-0.20214119937111064,-0.004859999999999865
2025-09-15,@BO#C,-1,-0.006535574793815613,51.56,-11,340296.00000000006,0.6805920000000001,AGS,-3.413498836307211,-0.02323199999999998
2025-09-15,@BP#C,1,0.00047184908180497587,1.361,14,1190875.0,2.38175,FX,0.36737692872888433,0.008750000000000202
2025-09-15,@C#C,-1,-1.7781072529032826e-05,422.75,-16,338200.0,0.6764,AGS,-1.360141927853341,-0.0092
2025-09-15,@CT#C,-1,-0.0046544186770915985,66.9,-10,334500.0,0.6689999999999999,AGS,-1.001494768310893,-0.006699999999999873
2025-09-15,@ES#C,1,0.0004766179481521249,6676.5,9,3004425.0,6.008850000000001,EQUITY,-0.11233430689732643,-0.00675
2025-09-15,@EU#C,1,-0.00036842277040705085,1.18335,8,1183350.0,2.3667000000000002,FX,0.7859044238813611,0.018600000000000175
2025-09-15,@FV#C,1,0.00018298187933396548,109.8125,36,3953250.0,7.906499999999999,RATESUS,0.06402959590210587,0.0050625
2025-09-15,@JY#C,-1,-0.00025037399609573185,0.006854,-14,1199450.0,2.3989,FX,-0.6127808578932065,-0.014700000000000128
2025-09-15,@KW#C,1,0.0067335800267755985,514.0,0,0.0,0.0,AGS,1.556420233463035,0.0
2025-09-15,@NQ#C,1,0.003048596205189824,24521.75,6,2942610.0,5.88522,EQUITY,0.008156024753535126,0.00047999999999999996
2025-09-15,@RTY#C,-1,-0.0019213530467823148,2426.1,-27,3275235.0,6.55047,EQUITY,0.4740117884670871,0.031049999999999998
2025-09-15,@S#C,1,0.009213821031153202,1043.5,6,313050.0,0.6261,AGS,0.43124101581217056,0.0026999999999999997
2025-09-15,@SM#C,1,0.009005693718791008,285.0,12,342000.0,0.6839999999999999,AGS,0.8070175438596531,0.005520000000000027
2025-09-15,@TY#C,1,0.0005251544644124806,113.46875,35,3971406.25,7.9428125000000005,RATESUS,0.08262186725419994,0.0065625
2025-09-15,@US#C,1,0.0014021622482687235,117.90625,33,3890906.25,7.7818125,RATESUS,0.05300821627352239,0.004124999999999999
2025-09-15,@W#C,-1,-0.0008252499392256141,524.5,-13,340925.0,0.68185,AGS,-1.572926596758818,-0.010725
2025-09-15,BD#C,-1,-0.0005208420334383845,128.76,-30,3862799.9999999995,7.725599999999999,RATESEU,0.0232991612301966,0.0018000000000000683
2025-09-15,BL#C,-1,-8.126721513690427e-05,117.87,-33,3889710.0,7.779419999999999,RATESEU,-0.04241961482989493,-0.003299999999999812
2025-09-15,QBZ#C,1,0.004707289859652519,67.27,17,1143590.0,2.28718,Energy,1.75412516723652,0.04012000000000024
2025-09-15,QCL#C,1,0.0034304442815482616,63.11,18,1135980.0,2.27196,Energy,1.6796070353351327,0.03816000000000008
2025-09-15,QGC#C,1,0.0009332856279797852,3720.4,3,1116120.0,2.23224,METALS,0.17471239651650358,0.0038999999999999994
2025-09-15,QHG#C,-1,-0.0025775288231670856,4.7225,-10,1180625.0,2.36125,METALS,0.6246691371095928,0.014750000000000261
2025-09-15,QNG#C,-1,-0.006998638156801462,2.985,-10,298500.0,0.597,Energy,-3.5175879396984917,-0.020999999999999994
2025-09-15,QPL#C,-1,1.8847198589355685e-05,1414.1,-17,1201984.9999999998,2.4039699999999993,METALS,0.8273813733116342,0.019889999999999686
2025-09-15,QRB#C,1,0.016892503947019577,2.0094,13,1097132.4,2.1942648,Energy,1.3934507813277608,0.030576000000000027
2025-09-15,QSI#C,-1,-0.0011803960660472512,43.07,-5,1076750.0,2.1534999999999997,METALS,0.4527513350359886,0.009750000000000014
2025-09-16,@AD#C,1,0.0015842495486140251,0.66845,18,1203210.0,2.4064200000000002,FX,-0.19447976662427524,-0.004679999999999885
2025-09-16,@BO#C,1,-0.002516001695767045,53.22,11,351252.0,0.702504,AGS,-2.987598647125134,-0.02098799999999995
2025-09-16,@BP#C,-1,-0.0004438647592905909,1.3655,-14,1194812.4999999998,2.389624999999999,FX,-0.08787989747345953,-0.002100000000000157
2025-09-16,@C#C,1,0.0009112667175941169,430.0,16,344000.0,0.688,AGS,-0.872093023255814,-0.006
2025-09-16,@CT#C,1,0.003883989993482828,67.46,10,337299.99999999994,0.6745999999999999,AGS,-0.7411799584939224,-0.004999999999999999
2025-09-16,@ES#C,1,0.0005476116202771664,6666.25,10,3333125.0,6.66625,EQUITY,-0.21376336021001313,-0.01425
2025-09-16,@EU#C,1,0.0009586258674971759,1.1909,8,1190900.0,2.3817999999999997,FX,0.04198505332101309,0.0009999999999998896
2025-09-16,@FV#C,-1,-0.0010768059873953462,109.859375,-36,3954937.5,7.9098749999999995,RATESUS,0.1635613710709714,0.0129375
2025-09-16,@JY#C,-1,-0.0011887281434610486,0.006886,-14,1205049.9999999998,2.4100999999999995,FX,-0.1742666279407473,-0.004199999999999949
2025-09-16,@KW#C,-1,-0.0027078050188720226,522.0,0,0.0,0.0,AGS,1.1015325670498084,0.0
2025-09-16,@NQ#C,1,0.0009380046394653618,24509.25,6,2941110.0,5.88222,EQUITY,-0.4875710191050318,-0.028680000000000004
2025-09-16,@RTY#C,0,-7.824090425856411e-05,2413.2,0,0.0,0.0,EQUITY,0.0,0.0
2025-09-16,@S#C,1,-0.0005051126936450601,1050.25,6,315075.0,0.63015,AGS,-0.7379195429659604,-0.00465
2025-09-16,@SM#C,-1,-0.0014427710557356477,287.8,-12,345360.00000000006,0.6907200000000001,AGS,0.9728978457262026,0.006720000000000028
2025-09-16,@TY#C,-1,-0.0008919612737372518,113.515625,-35,3973046.875,7.946093749999999,RATESUS,0.19270474879559532,0.0153125
2025-09-16,@US#C,1,0.0006216786568984389,117.84375,33,3888843.75,7.7776875,RATESUS,0.026518164942985947,0.0020625
2025-09-16,@W#C,1,0.0008035892387852073,533.5,13,346775.0,0.69355,AGS,-0.7497656982193065,-0.0052
2025-09-16,BD#C,-1,-0.0010667199967429042,128.74,-30,3862200.0000000005,7.724400000000001,RATESEU,-0.04660556159701901,-0.0036000000000001365
2025-09-16,BL#C,-1,-0.0001640217669773847,117.93,-33,3891690.0,7.783379999999999,RATESEU,0.025438819638769726,0.001980000000000075
2025-09-16,QBZ#C,1,0.009268435649573803,68.46,17,1163820.0,2.3276399999999997,Energy,-0.3797838153666242,-0.00883999999999969
2025-09-16,QCL#C,1,0.0023573075886815786,64.18,18,1155240.0000000002,2.3104800000000005,Energy,-0.37394827048926316,-0.00864000000000033
2025-09-16,QGC#C,1,-0.000334029842633754,3723.0,3,1116900.0,2.2338,METALS,-0.06983615363953556,-0.0015599999999999453
2025-09-16,QHG#C,1,0.0015547915827482939,4.7015,10,1175375.0,2.35075,METALS,-1.4888865255769494,-0.03500000000000014
2025-09-16,QNG#C,1,0.007983915507793427,3.111,10,311100.00000000006,0.6222000000000001,Energy,-0.9964641594342698,-0.0062000000000000275
2025-09-16,QPL#C,1,0.0013448919635266066,1399.9,17,1189915.0000000002,2.3798300000000006,METALS,-1.6286877634116852,-0.038760000000000315
2025-09-16,QRB#C,1,0.03165839612483978,2.0408,13,1114276.8,2.2285536,Energy,-0.47530380243042153,-0.010592400000000047
2025-09-16,QSI#C,1,2.490449696779251e-05,42.79,5,1069750.0,2.1395,METALS,-1.1918672587053003,-0.0254999999999999
2025-09-17,@AD#C,-1,-0.0011700242757797241,0.6675,-18,1201500.0,2.403,FX,0.7340823970037477,0.017640000000000055
2025-09-17,@BO#C,-1,-0.001873036497272551,52.06,-11,343596.00000000006,0.6871920000000001,AGS,1.7287744909719662,0.011880000000000076
2025-09-17,@BP#C,-1,-0.0012698235223069787,1.3661,-14,1195337.5000000002,2.3906750000000003,FX,0.7759314837859721,0.018550000000000292
2025-09-17,@C#C,1,0.003316843183711171,427.75,16,342200.0,0.6844,AGS,-0.46756282875511396,-0.0032
2025-09-17,@CT#C,1,0.0034308682661503553,67.35,10,336750.0,0.6735,AGS,-0.7126948775055528,-0.004799999999999898
2025-09-17,@ES#C,1,0.00035508806467987597,6661.25,10,3330625.0,6.661250000000001,EQUITY,0.7168324263464064,0.04775
2025-09-17,@EU#C,-1,-0.0006283457623794675,1.19055,-8,1190550.0,2.3811,FX,0.5081684935533903,0.012099999999999776
2025-09-17,@FV#C,1,0.0005396836204454303,109.7578125,36,3951281.25,7.9025625,RATESUS,-0.16371271976653143,-0.012937500000000001
2025-09-17,@JY#C,-1,-0.0006436436669901013,0.006895,-14,1206625.0,2.41325,FX,1.0587382160986243,0.025550000000000052
2025-09-17,@KW#C,1,0.003149330150336027,517.75,0,0.0,0.0,AGS,-1.2071463061323033,-0.0
2025-09-17,@NQ#C,-1,-0.0005770199932157993,24411.25,-6,2929350.0,5.8587,EQUITY,-1.5423216754570126,-0.09036
2025-09-17,@RTY#C,-1,-0.0021112908143550158,2447.6,-27,3304260.0,6.6085199999999995,EQUITY,-1.5321130903742441,-0.10124999999999999
2025-09-17,@S#C,1,-0.00010504871897865087,1044.0,6,313200.0,0.6264,AGS,-0.16762452107279693,-0.00105
2025-09-17,@SM#C,-1,-0.0076364874839782715,287.5,-12,345000.0,0.69,AGS,0.4173913043478221,0.0028799999999999724
2025-09-17,@TY#C,1,0.0006184768280945718,113.40625,35,3969218.75,7.938437499999999,RATESUS,-0.3031138054560485,-0.024062499999999997
2025-09-17,@US#C,1,0.0006351270712912083,118.0,33,3894000.0,7.788,RATESUS,-0.8739406779661016,-0.0680625
2025-09-17,@W#C,1,0.004406767897307873,529.75,13,344337.5,0.6886749999999999,AGS,-0.8022652194431336,-0.0055249999999999995
2025-09-17,BD#C,1,0.0009104435448534787,128.95,30,3868499.9999999995,7.736999999999999,RATESEU,-0.3567274137262347,-0.027599999999998775
2025-09-17,BL#C,1,0.0003481969761196524,117.98,33,3893340.0,7.78668,RATESEU,-0.14409221902017436,-0.011220000000000112
2025-09-17,QBZ#C,1,0.007413732819259167,68.27,17,1160590.0,2.32118,Energy,-1.2304086714515736,-0.028559999999999638
2025-09-17,QCL#C,1,0.00597007293254137,63.97,18,1151460.0,2.30292,Energy,-1.1411599187118915,-0.02627999999999989
2025-09-17,QGC#C,-1,-0.001127055031247437,3718.6,-3,1115580.0,2.23116,METALS,1.0595385360081775,0.023640000000000053
2025-09-17,QHG#C,1,-0.00018628730322234333,4.6365,10,1159124.9999999998,2.3182499999999995,METALS,-0.7872317480858448,-0.018250000000000093
2025-09-17,QNG#C,-1,-0.0026255627162754536,3.104,-10,310400.0,0.6208,Energy,5.44458762886598,0.033800000000000004
2025-09-17,QPL#C,-1,0.00031314665102399886,1382.2,-18,1243980.0,2.48796,METALS,-1.0779916075821054,-0.026819999999999754
2025-09-17,QRB#C,1,-0.010371657088398933,2.038,13,1112747.9999999998,2.2254959999999993,Energy,-1.526005888125609,-0.03396119999999989
2025-09-17,QSI#C,-1,-0.0019838421139866114,42.35,-5,1058750.0,2.1174999999999997,METALS,0.5312868949232619,0.011250000000000067
2025-09-18,@AD#C,-1,-0.0013522038934752345,0.6621,-18,1191780.0,2.3835599999999997,FX,0.2718622564567322,0.006480000000000085
2025-09-18,@BO#C,-1,-0.0007535518961958587,51.25,-11,338250.0,0.6765,AGS,1.3268292682926823,0.008975999999999996
2025-09-18,@BP#C,1,0.0003137149615213275,1.3551,14,1185712.5,2.371425,FX,-0.48704892627849894,-0.011549999999999894
2025-09-18,@C#C,-1,-0.003159931628033519,424.25,-16,339400.0,0.6788,AGS,-0.0,-0.0
2025-09-18,@CT#C,-1,-0.00949727464467287,66.63,-10,333150.0,0.6663,AGS,0.49527239981989846,0.003299999999999983
2025-09-18,@ES#C,1,0.0012286703567951918,6694.0,9,3012300.0,6.0246,EQUITY,0.23902001792650132,0.0144
2025-09-18,@EU#C,-1,-0.0012027055490761995,1.1838,-8,1183800.0,2.3676,FX,0.22807906741002912,0.005399999999999849
2025-09-18,@FV#C,1,7.518284110119566e-05,109.4609375,36,3940593.75,7.8811875,RATESUS,-0.007137249304118193,-0.0005625000000000001
2025-09-18,@JY#C,1,0.0022049532271921635,0.006815,14,1192625.0,2.38525,FX,0.08804108584005765,0.0020999999999999756
2025-09-18,@KW#C,-1,-0.002597659360617399,511.75,0,0.0,0.0,AGS,1.0258915486077185,0.0
2025-09-18,@NQ#C,1,0.0005415069172158837,24736.5,6,2968380.0,5.93676,EQUITY,0.34362177349261214,0.020399999999999998
2025-09-18,@RTY#C,1,0.0014862623065710068,2468.1,27,3331935.0,6.663869999999999,EQUITY,0.21879178315303638,0.014580000000000244
2025-09-18,@S#C,1,0.0019854293204844,1036.5,6,310950.0,0.6219,AGS,-1.2542209358417753,-0.0078000000000000005
2025-09-18,@SM#C,-1,-0.002102273516356945,284.2,-12,341039.99999999994,0.6820799999999999,AGS,0.14074595355382732,0.0009599999999999453
2025-09-18,@TY#C,1,0.000980106182396412,112.828125,35,3948984.375,7.89796875,RATESUS,-0.013848497438027975,-0.00109375
2025-09-18,@US#C,1,0.0012602659408003092,116.5,34,3961000.0,7.922,RATESUS,-0.1072961373390558,-0.0085
2025-09-18,@W#C,1,-0.0006529268575832248,525.25,13,341412.5,0.682825,AGS,-0.809138505473584,-0.005525
2025-09-18,BD#C,1,0.00029140833066776395,128.45,30,3853499.9999999995,7.706999999999999,RATESEU,-0.19462826002335543,-0.015
2025-09-18,BL#C,1,0.0006251506274566054,117.83,33,3888390.0,7.77678,RATESEU,-0.10184163625562637,-0.0079200000000003
2025-09-18,QBZ#C,1,0.003914246801286936,67.65,17,1150050.0000000002,2.3001000000000005,Energy,-1.4781966001478195,-0.034
2025-09-18,QCL#C,1,0.0038118467200547457,63.49,18,1142820.0,2.28564,Energy,-1.6695542605134703,-0.03816000000000008
2025-09-18,QGC#C,1,0.0012964068446308374,3674.5,3,1102350.0,2.2047,METALS,0.759286977820114,0.01674000000000005
2025-09-18,QHG#C,-1,-0.002160230651497841,4.599,-10,1149750.0,2.2995,METALS,-0.619699934768432,-0.014250000000000094
2025-09-18,QNG#C,-1,-0.0036926292814314365,2.953,-10,295300.0,0.5906,Energy,2.4381984422621086,0.014400000000000013
2025-09-18,QPL#C,1,0.0005139929126016796,1396.2,17,1186770.0,2.37354,METALS,1.353674258702182,0.03212999999999978
2025-09-18,QRB#C,-1,0.0004931522416882217,2.0122,-13,1098661.2,2.1973224,Energy,1.9729649140244543,0.043352400000000076
2025-09-18,QSI#C,1,0.0016979785868898034,42.01,5,1050250.0,2.1005,METALS,2.297072125684369,0.048250000000000175
2025-09-19,@AD#C,-1,-0.0021577938459813595,0.66025,-18,1188450.0,2.3769,FX,0.03786444528587239,0.0008999999999999008
2025-09-19,@BO#C,1,-4.558174259727821e-05,50.77,11,335082.0,0.670164,AGS,-3.2499507583218548,-0.021780000000000074
2025-09-19,@BP#C,1,0.00033759960206225514,1.3484,14,1179850.0,2.3597,FX,0.20023731830316854,0.004724999999999868
2025-09-19,@C#C,1,0.005512414034456015,423.5,16,338800.0,0.6776,AGS,-0.7083825265643447,-0.0048
2025-09-19,@CT#C,-1,-0.0042749191634356976,66.39,-10,331950.0,0.6639,AGS,0.4217502635939165,0.0028000000000000117
2025-09-19,@ES#C,-1,-0.0003280679229646921,6700.0,-9,3015000.0,6.03,EQUITY,-0.7201492537313433,-0.043425
2025-09-19,@EU#C,-1,-7.160495442803949e-05,1.18095,-8,1180950.0,2.3619000000000003,FX,-0.3048393242728353,-0.007200000000000098
2025-09-19,@FV#C,-1,-0.0002948972105514258,109.4453125,-36,3940031.25,7.8800625,RATESUS,0.02855307302448426,0.00225
2025-09-19,@JY#C,1,0.0008437950164079666,0.0068215,14,1193762.5,2.387525,FX,0.05130836326321236,0.0012250000000000108
2025-09-19,@KW#C,1,0.006625215522944927,506.25,0,0.0,0.0,AGS,-1.2839506172839505,-0.0
2025-09-19,@NQ#C,1,0.000412776687880978,24771.25,6,2972550.0,5.9451,EQUITY,0.8699601352374224,0.05172
2025-09-19,@RTY#C,-1,-0.0013272741343826056,2471.9,-26,3213470.0,6.42694,EQUITY,-0.0445001820461956,-0.0028599999999997638
2025-09-19,@S#C,1,0.0019414701964706182,1027.75,6,308325.0,0.61665,AGS,-2.0189734857698856,-0.01245
2025-09-19,@SM#C,-1,-0.0005259286845102906,283.7,-12,340439.99999999994,0.6808799999999998,AGS,1.8329221008107115,0.01247999999999997
2025-09-19,@TY#C,1,-0.00017323700012639165,112.765625,35,3946796.875,7.89359375,RATESUS,0.0,0.0
2025-09-19,@US#C,-1,-0.0013456421438604593,116.28125,-34,3953562.5,7.907125,RATESUS,-0.053748992206396125,-0.0042499999999999994
2025-09-19,@W#C,1,0.0019999512005597353,521.25,13,338812.5,0.677625,AGS,-2.4940047961630696,-0.016900000000000002
2025-09-19,BD#C,-1,-0.0010860450565814972,128.23,-30,3846899.9999999995,7.6937999999999995,RATESEU,-0.023395461280512467,-0.001800000000000068
2025-09-19,BL#C,-1,-0.0001045468743541278,117.72,-33,3884759.9999999995,7.769519999999999,RATESEU,-0.008494733265379813,-0.0006600000000003375
2025-09-19,QBZ#C,1,0.007298126816749573,66.69,17,1133730.0,2.26746,Energy,-1.6944069575648455,-0.03841999999999984
2025-09-19,QCL#C,1,0.003197167068719864,62.49,18,1124820.0,2.24964,Energy,-0.544087053928634,-0.012240000000000122
2025-09-19,QGC#C,-1,-0.003952735103666782,3704.2,-3,1111259.9999999998,2.22252,METALS,-1.80605798822958,-0.04014000000000006
2025-09-19,QHG#C,1,0.0025032577104866505,4.6225,10,1155624.9999999998,2.3112499999999994,METALS,0.2487831260140775,0.005750000000000365
2025-09-19,QNG#C,1,0.005299975164234638,2.897,10,289700.0,0.5793999999999999,Energy,7.179841215050059,0.04160000000000003
2025-09-19,QPL#C,-1,-0.0011573904193937778,1415.4,-17,1203090.0000000002,2.4061800000000004,METALS,-2.2961706937968063,-0.05525000000000001
2025-09-19,QRB#C,-1,-0.019882243126630783,1.9764,-13,1079114.4,2.1582288,Energy,2.479255211495645,0.053507999999999924
2025-09-19,QSI#C,-1,-0.004049185197800398,43.035,-5,1075875.0,2.15175,METALS,-2.707098873010355,-0.05825000000000031
2025-09-22,@AD#C,1,0.0027890820056200027,0.65965,18,1187370.0,2.3747399999999996,FX,0.20465398317290584,0.004860000000000263
2025-09-22,@BO#C,-1,-0.03682943433523178,49.7,-11,328020.0,0.65604,AGS,0.16096579476862252,0.001056000000000071
2025-09-22,@BP#C,-1,-0.000586007721722126,1.3504,-14,1181600.0,2.3632,FX,-0.13329383886256102,-0.003150000000000042
2025-09-22,@C#C,-1,-0.006216692738234997,418.75,-17,355937.5,0.711875,AGS,-1.7313432835820894,-0.012325
2025-09-22,@CT#C,1,0.007316419389098883,66.24,10,331200.0,0.6624,AGS,0.5736714975845557,0.0038000000000000967
2025-09-22,@ES#C,-1,-9.127294470090419e-05,6729.75,-9,3028387.5,6.056775,EQUITY,-0.06315242022363386,-0.0038250000000000003
2025-09-22,@EU#C,-1,-0.0004779320734087378,1.18295,-8,1182950.0,2.3659,FX,-0.27051016526481186,-0.006400000000000183
2025-09-22,@FV#C,-1,-0.0003515645512379706,109.3828125,-36,3937781.25,7.875562499999999,RATESUS,-0.007142346975216056,-0.0005625
2025-09-22,@JY#C,1,6.115156429586932e-05,0.006821,14,1193675.0,2.38735,FX,0.04398182084738892,0.0010500000000001396
2025-09-22,@KW#C,-1,-0.004045659676194191,503.25,0,0.0,0.0,AGS,-1.987083954297069,-0.0
2025-09-22,@NQ#C,-1,-0.00200228882022202,24911.25,-6,2989350.0,5.9787,EQUITY,-0.07024938531787847,-0.0042
2025-09-22,@RTY#C,-1,-0.00029561022529378533,2467.0,-27,3330450.0,6.6609,EQUITY,-1.2403729225780262,-0.08261999999999975
2025-09-22,@S#C,-1,-0.0061606233939528465,1010.5,-7,353675.0,0.70735,AGS,0.17318159327065807,0.001225
2025-09-22,@SM#C,-1,-0.0024152179248631,280.0,-12,336000.0,0.672,AGS,1.1785714285714326,0.007920000000000028
2025-09-22,@TY#C,-1,-0.0012869596248492599,112.703125,-35,3944609.375,7.88921875,RATESUS,-0.02772771384999307,-0.0021875
2025-09-22,@US#C,-1,-0.0005461627733893692,116.0625,-34,3946125.0,7.892250000000001,RATESUS,-0.2154011847065159,-0.017
2025-09-22,@W#C,-1,-0.00039244332583621144,511.75,-13,332637.5,0.665275,AGS,-1.9540791402051783,-0.013
2025-09-22,BD#C,-1,-0.0011346968822181225,128.22,-30,3846600.0,7.6932,RATESEU,-0.0,-0.0
2025-09-22,BL#C,-1,-0.0005962679861113429,117.74,-33,3885419.9999999995,7.77084,RATESEU,0.025479870901988395,0.001980000000000075
2025-09-22,QBZ#C,-1,-0.6194955110549927,65.6,-17,1115199.9999999998,2.2303999999999995,Energy,-1.661585365853664,-0.03706000000000011
2025-09-22,QCL#C,1,0.00037447214708663523,62.18,18,1119240.0,2.23848,Energy,1.8816339659054386,0.04212000000000006
2025-09-22,QGC#C,1,0.00016907653480302542,3769.9,3,1130970.0,2.26194,METALS,1.1246982678585662,0.025440000000000053
2025-09-22,QHG#C,1,0.006292777601629496,4.622,10,1155500.0,2.311,METALS,0.465166594547826,0.010750000000000258
2025-09-22,QNG#C,-1,-0.016898831352591515,3.112,-10,311200.0,0.6224000000000001,Energy,-0.5462724935732617,-0.0033999999999999807
2025-09-22,QPL#C,-1,-0.0011109139304608107,1437.0,-17,1221450.0,2.4429,METALS,-6.325678496868482,-0.15453000000000014
2025-09-22,QRB#C,1,-0.006643776781857014,1.9284,13,1052906.4,2.1058128,Energy,0.985272764986524,0.02074800000000014
2025-09-22,QSI#C,-1,-0.00013127225975040346,44.15,-5,1103750.0,2.2075,METALS,-0.8040770101925345,-0.0177500000000002
2025-09-23,@AD#C,-1,-0.001071997219696641,0.66065,-18,1189170.0,2.37834,FX,0.3557102853250531,0.008459999999999869
2025-09-23,@BO#C,1,-4.9528036470292136e-05,49.71,11,328086.00000000006,0.6561720000000001,AGS,0.060350030175017375,0.00039600000000001505
2025-09-23,@BP#C,-1,-0.0016106143593788147,1.3519,-14,1182912.5,2.365825,FX,0.5473777646275666,0.012950000000000128
2025-09-23,@C#C,-1,-0.006541321519762278,424.75,-16,339800.0,0.6796,AGS,-0.0,-0.0
2025-09-23,@CT#C,1,0.008762179873883724,66.65,10,333250.0,0.6665,AGS,-0.6751687921980537,-0.004500000000000028
2025-09-23,@ES#C,1,0.001119087217375636,6738.0,9,3032100.0,6.0642000000000005,EQUITY,-0.7569011576135352,-0.0459
2025-09-23,@EU#C,-1,-0.00022351474035531282,1.18545,-8,1185450.0,2.3709000000000002,FX,0.5609684086211838,0.013299999999999647
2025-09-23,@FV#C,-1,-0.0008847053977660835,109.4140625,-36,3938906.25,7.8778125,RATESUS,0.08568368439842913,0.006750000000000001
2025-09-23,@JY#C,-1,-0.0011840895749628544,0.006821,-14,1193675.0,2.38735,FX,0.6377364022870566,0.015225000000000048
2025-09-23,@KW#C,1,0.008109544403851032,510.5,0,0.0,0.0,AGS,-0.5876591576885406,-0.0
2025-09-23,@NQ#C,1,0.004521401599049568,24946.25,6,2993550.0,5.9871,EQUITY,-1.047251590920479,-0.06269999999999999
2025-09-23,@RTY#C,1,0.0014379187487065792,2496.4,26,3245320.0,6.49064,EQUITY,-1.3419323826309886,-0.0871
2025-09-23,@S#C,1,0.006611189804971218,1012.75,7,354462.5,0.708925,AGS,-0.2221673660824488,-0.0015750000000000002
2025-09-23,@SM#C,-1,-0.005397343542426825,278.8,-12,334560.00000000006,0.6691200000000002,AGS,1.0043041606886698,0.006720000000000029
2025-09-23,@TY#C,-1,-0.0006554500432685018,112.78125,-35,3947343.75,7.8946875,RATESUS,0.09697977279024661,0.007656250000000001
2025-09-23,@US#C,1,0.00048639875603839755,116.40625,34,3957812.5,7.9156249999999995,RATESUS,0.0,0.0
2025-09-23,@W#C,1,0.0030938214622437954,520.25,13,338162.5,0.6763250000000001,AGS,-0.04805382027871216,-0.0003250000000000001
2025-09-23,BD#C,1,0.00039413379272446036,128.21,30,3846300.0,7.6926,RATESEU,-0.03899851805632273,-0.003000000000000682
2025-09-23,BL#C,-1,1.829056600399781e-05,117.7,-33,3884100.0,7.7682,RATESEU,0.008496176720480132,0.0006600000000003376
2025-09-23,QBZ#C,1,0.009944362565875053,66.94,17,1137980.0,2.27596,Energy,1.8524051389303993,0.042160000000000315
2025-09-23,QCL#C,-1,-0.0017823384841904044,63.59,-18,1144620.0000000002,2.2892400000000004,Energy,-1.91854065104576,-0.043919999999999966
2025-09-23,QGC#C,1,0.00010151694004889578,3811.5,3,1143450.0,2.2869,METALS,-1.1334120425029468,-0.02591999999999989
2025-09-23,QHG#C,1,0.002476602327078581,4.6385,10,1159625.0,2.3192500000000003,METALS,3.815888757141328,0.08850000000000026
2025-09-23,QNG#C,1,0.006317391060292721,3.106,10,310600.0,0.6212,Energy,0.8370895041854555,0.005200000000000049
2025-09-23,QPL#C,1,0.00011334058217471465,1517.8,16,1214240.0,2.42848,METALS,-0.9026222163657955,-0.02192000000000007
2025-09-23,QRB#C,-1,-0.012563359923660755,1.9525,-13,1066065.0,2.13213,Energy,-0.7477592829705593,-0.015943200000000185
2025-09-23,QSI#C,1,-0.0010961937950924039,44.58,5,1114500.0,2.229,METALS,-0.9757738896365975,-0.02174999999999976
2025-09-24,@AD#C,1,0.0014407613780349493,0.65925,18,1186650.0,2.3733,FX,-0.6522563519150505,-0.015479999999999893
2025-09-24,@BO#C,-1,0.006150182336568832,49.89,-11,329274.0,0.658548,AGS,-0.30066145520144033,-0.0019799999999999813
2025-09-24,@BP#C,1,0.0011949113104492426,1.3449,14,1176787.5,2.353575,FX,-0.8030336828016894,-0.01889999999999986
2025-09-24,@C#C,1,0.011532947421073914,425.25,16,340200.0,0.6804,AGS,-0.11757789535567313,-0.0008
2025-09-24,@CT#C,-1,-0.0038849138654768467,66.12,-10,330600.0,0.6612,AGS,-0.3176043557168689,-0.002099999999999937
2025-09-24,@ES#C,1,-0.000816374144051224,6685.5,9,3008475.0,6.0169500000000005,EQUITY,-0.39638022586194,-0.023850000000000003
2025-09-24,@EU#C,-1,-0.0019923048093914986,1.17975,-8,1179750.0,2.3595,FX,0.6230133502860747,0.014699999999999934
2025-09-24,@FV#C,1,0.00020545328152365983,109.34375,36,3936375.0,7.872750000000001,RATESUS,-0.25007144898542444,-0.019687500000000004
2025-09-24,@JY#C,-1,-0.0020613300148397684,0.00678,-14,1186499.9999999998,2.3729999999999993,FX,0.7669616519174036,0.018199999999999984
2025-09-24,@KW#C,1,0.006061913445591927,510.25,0,0.0,0.0,AGS,0.44096031357177856,0.0
2025-09-24,@NQ#C,1,0.0016885835211724043,24679.75,6,2961570.0,5.92314,EQUITY,-0.22184179337310952,-0.01314
2025-09-24,@RTY#C,0,-0.00030148273799568415,2458.9,0,0.0,0.0,EQUITY,-0.0,-0.0
2025-09-24,@S#C,1,0.0023574125953018665,1010.5,7,353675.0,0.70735,AGS,0.04948045522018803,0.00035
2025-09-24,@SM#C,1,0.008761633187532425,277.2,12,332639.99999999994,0.6652799999999999,AGS,-1.406926406926399,-0.009359999999999945
2025-09-24,@TY#C,1,9.699942893348634e-05,112.6875,35,3944062.5,7.888125,RATESUS,-0.2911813643926789,-0.022968750000000003
2025-09-24,@US#C,-1,-9.26489956327714e-05,116.4375,-34,3958875.0,7.91775,RATESUS,0.29522275899087497,0.023375000000000003
2025-09-24,@W#C,1,0.00456526642665267,523.5,13,340275.0,0.68055,AGS,0.5253104106972302,0.003575
2025-09-24,BD#C,-1,-0.00048190547386184335,128.21,-30,3846300.0,7.6926,RATESEU,0.13259496139147953,0.010200000000000953
2025-09-24,BL#C,-1,-0.0004546930140350014,117.71,-33,3884430.0,7.76886,RATESEU,0.12743182397416658,0.009899999999999437
2025-09-24,QBZ#C,1,0.005152879282832146,68.1,17,1157699.9999999998,2.3153999999999995,Energy,0.13215859030837507,0.0030600000000001156
2025-09-24,QCL#C,1,0.0014996884856373072,64.73,18,1165140.0,2.3302799999999997,Energy,-0.06179514908080682,-0.0014400000000002252
2025-09-24,QGC#C,-1,-0.0008945052395574749,3774.1,-3,1132230.0,2.26446,METALS,0.2676134707612387,0.0060599999999999465
2025-09-24,QHG#C,1,0.0008400855585932732,4.818,10,1204499.9999999998,2.409,METALS,-1.2349522623495204,-0.029749999999999943
2025-09-24,QNG#C,1,0.005936305038630962,3.159,10,315899.99999999994,0.6317999999999999,Energy,0.949667616334291,0.0060000000000000496
2025-09-24,QPL#C,1,5.577877163887024e-05,1497.2,16,1197760.0,2.39552,METALS,3.833823136521498,0.09183999999999978
2025-09-24,QRB#C,-1,-0.02327185682952404,1.965,-13,1072890.0,2.14578,Energy,0.6870229007633621,0.014742000000000071
2025-09-24,QSI#C,1,0.0065549626015126705,44.095,5,1102375.0,2.20475,METALS,2.2111350493253235,0.04875000000000007
2025-09-25,@AD#C,-1,-0.0005391801823861897,0.65565,-19,1245735.0,2.49147,FX,0.022878059940514527,0.0005699999999999373
2025-09-25,@BO#C,1,-0.005787197966128588,50.27,11,331782.0,0.663564,AGS,-0.6962403023672198,-0.004620000000000019
2025-09-25,@BP#C,-1,1.0716496490204008e-06,1.3351,-14,1168212.4999999998,2.3364249999999998,FX,-0.3745037824882118,-0.008750000000000202
2025-09-25,@C#C,1,0.0024789716117084026,425.75,16,340600.0,0.6812,AGS,-0.9982384028185555,-0.0068000000000000005
2025-09-25,@CT#C,1,0.0045063369907438755,66.22,10,331100.0,0.6622,AGS,-0.06040471156749025,-0.00039999999999992044
2025-09-25,@ES#C,1,0.0008100991835817695,6670.25,9,3001612.5,6.0032250000000005,EQUITY,0.3335707057456617,0.020025
2025-09-25,@EU#C,-1,-0.0003676657797768712,1.17255,-8,1172550.0,2.3451,FX,-0.17483262973861305,-0.004100000000000215
2025-09-25,@FV#C,-1,-0.000986283179372549,109.03125,-36,3925125.0,7.85025,RATESUS,0.0071653768988248785,0.0005625000000000001
2025-09-25,@JY#C,-1,-0.0018819974502548575,0.006729,-14,1177575.0,2.35515,FX,-0.156041016495766,-0.0036750000000000324
2025-09-25,@KW#C,1,-0.0008211064850911498,510.25,0,0.0,0.0,AGS,-0.9309162175404213,-0.0
2025-09-25,@NQ#C,1,-2.899468017858453e-05,24677.75,6,2961330.0,5.92266,EQUITY,0.053692091053681966,0.00318
2025-09-25,@RTY#C,1,0.001028731931000948,2435.8,27,3288330.0000000005,6.57666,EQUITY,0.4762295754988056,0.03131999999999975
2025-09-25,@S#C,1,0.001593144377693534,1013.25,7,354637.5,0.709275,AGS,-0.27140389834690354,-0.001925
2025-09-25,@SM#C,1,0.017373301088809967,274.3,13,356590.0,0.7131799999999999,AGS,0.7291286912139993,0.005199999999999999
2025-09-25,@TY#C,-1,-0.0011059652315452695,112.265625,-35,3929296.875,7.85859375,RATESUS,0.027835768963117607,0.0021874999999999998
2025-09-25,@US#C,-1,-0.00111594598274678,115.90625,-34,3940812.5,7.8816250000000005,RATESUS,-0.05392289026691831,-0.00425
2025-09-25,@W#C,1,0.0018766175489872694,525.25,13,341412.5,0.682825,AGS,-1.0471204188481675,-0.00715
2025-09-25,BD#C,-1,-0.0005646974314004183,127.96,-30,3838799.9999999995,7.6776,RATESEU,-0.2266333229134153,-0.017400000000000374
2025-09-25,BL#C,-1,-0.00021674127492588013,117.52,-34,3995680.0,7.99136,RATESEU,-0.13614703880191525,-0.010880000000000735
2025-09-25,QBZ#C,1,0.008200893178582191,68.33,17,1161610.0,2.32322,Energy,1.4634860237084737,0.034
2025-09-25,QCL#C,-1,-0.005380135960876942,64.85,-18,1167300.0,2.3346,Energy,-1.5574402467232156,-0.03636000000000019
2025-09-25,QGC#C,1,0.00318571412935853,3766.9,3,1130070.0,2.2601400000000003,METALS,0.9875494438397572,0.022319999999999892
2025-09-25,QHG#C,1,0.002458662260323763,4.779,10,1194750.0,2.3895,METALS,-0.0836995187277581,-0.0019999999999997797
2025-09-25,QNG#C,-1,-0.0030569068621844053,3.215,-10,321500.0,0.643,Energy,1.0886469673405816,0.00699999999999994
2025-09-25,QPL#C,-1,-0.0009200653876177967,1549.2,-16,1239360.0,2.47872,METALS,-3.4985799122127577,-0.08672000000000006
2025-09-25,QRB#C,1,0.005221364088356495,1.9584,13,1069286.4,2.1385728,Energy,1.5471813725490193,0.033087599999999995
2025-09-25,QSI#C,-1,0.00034345086896792054,45.05,-5,1126250.0,2.2525,METALS,-3.2075471698113214,-0.07225000000000001
2025-09-26,@AD#C,1,0.0008603808237239718,0.65505,19,1244595.0,2.4891900000000002,FX,0.48851232730325633,0.012159999999999928
2025-09-26,@BO#C,1,-0.0005307084647938609,50.36,11,332376.0,0.664752,AGS,-1.588562351072274,-0.010559999999999964
2025-09-26,@BP#C,1,-9.436676918994635e-05,1.3404,14,1172850.0,2.3457,FX,0.21635332736495838,0.005074999999999829
2025-09-26,@C#C,-1,-0.006194088142365217,421.75,-16,337400.0,0.6748,AGS,0.2963841138114997,0.002
2025-09-26,@CT#C,-1,-0.0032268506474792957,66.17,-10,330850.0,0.6617,AGS,1.2694574580625713,0.008400000000000034
2025-09-26,@ES#C,1,0.001809394801966846,6665.25,10,3332625.0,6.66525,EQUITY,0.6488878886763437,0.043250000000000004
2025-09-26,@EU#C,1,0.0008468570886179805,1.1744,8,1174400.0,2.3487999999999998,FX,0.3193119891008106,0.007499999999999839
2025-09-26,@FV#C,-1,-0.00030400193645618856,109.03125,-36,3925125.0,7.85025,RATESUS,-0.13614216107767269,-0.0106875
2025-09-26,@JY#C,-1,-0.0006900868029333651,0.006741,-14,1179675.0,2.35935,FX,-0.6156356623646453,-0.014525000000000258
2025-09-26,@KW#C,1,-5.0310976803302765e-05,505.25,0,0.0,0.0,AGS,0.5442850074220682,0.0
2025-09-26,@NQ#C,1,0.0011822875821962953,24581.0,6,2949720.0,5.89944,EQUITY,1.0323013709775843,0.0609
2025-09-26,@RTY#C,1,0.0013788531068712473,2435.9,27,3288465.0,6.57693,EQUITY,0.5336836487540539,0.0351
2025-09-26,@S#C,-1,-0.003933853004127741,1012.75,-7,354462.5,0.708925,AGS,0.5430757837570971,0.0038500000000000006
2025-09-26,@SM#C,-1,-0.009012149646878242,273.4,-13,355420.0,0.71084,AGS,-0.4389173372348374,-0.003120000000000118
2025-09-26,@TY#C,-1,-0.0014304412761703134,112.265625,-35,3929296.875,7.85859375,RATESUS,-0.25052192066805845,-0.019687499999999997
2025-09-26,@US#C,-1,-0.0005893200868740678,116.09375,-34,3947187.5,7.894374999999999,RATESUS,-0.6729475100942126,-0.05312499999999999
2025-09-26,@W#C,1,0.0049665458500385284,519.75,13,337837.5,0.675675,AGS,-0.24050024050024052,-0.0016250000000000004
2025-09-26,BD#C,-1,-0.001875225454568863,128.23,-30,3846899.9999999995,7.6937999999999995,RATESEU,-0.3197379708336556,-0.024599999999999796
2025-09-26,BL#C,-1,-0.0004945315304212272,117.66,-33,3882779.9999999995,7.765559999999999,RATESEU,-0.1359850416454161,-0.010559999999999774
2025-09-26,QBZ#C,1,0.012458791956305504,69.67,17,1184390.0,2.3687799999999997,Energy,-4.262953925649489,-0.10097999999999994
2025-09-26,QCL#C,1,-0.002821914851665497,66.17,18,1191060.0,2.38212,Energy,-4.307087804140852,-0.10260000000000007
2025-09-26,QGC#C,-1,-0.00018351971812080592,3810.4,-3,1143120.0,2.2862400000000003,METALS,-1.272832248582826,-0.029100000000000004
2025-09-26,QHG#C,-1,-0.0019339509308338165,4.7415,-10,1185375.0000000002,2.3707500000000006,METALS,-3.1846462090055843,-0.07549999999999991
2025-09-26,QNG#C,1,0.0007199569372460246,3.176,10,317600.0,0.6352,Energy,2.991183879093191,0.01899999999999995
2025-09-26,QPL#C,-1,-0.002215092768892646,1601.2,-15,1200900.0,2.4018,METALS,-1.9485385960529629,-0.046800000000000064
2025-09-26,QRB#C,1,0.006898233201354742,1.997,13,1090362.0,2.1807239999999997,Energy,-2.949424136204315,-0.06431880000000018
2025-09-26,QSI#C,-1,-0.006034561432898045,46.385,-5,1159625.0,2.3192500000000003,METALS,-1.7031367899105296,-0.03949999999999996
2025-09-29,@AD#C,1,0.0018007047474384308,0.6583,18,1184940.0,2.3698799999999998,FX,0.6456023089776661,0.015299999999999913
2025-09-29,@BO#C,-1,-0.059002213180065155,49.9,-11,329340.0,0.65868,AGS,1.222444889779558,0.008051999999999991
2025-09-29,@BP#C,1,-0.00013846257934346795,1.3434,14,1175475.0,2.35095,FX,0.20098258150961346,0.004725000000000258
2025-09-29,@C#C,1,0.0007763114990666509,421.5,16,337200.0,0.6744,AGS,-1.7200474495848161,-0.011600000000000001
2025-09-29,@CT#C,-1,-0.009121729992330074,66.11,-10,330550.0,0.6611,AGS,0.0,0.0
2025-09-29,@ES#C,1,0.0024709226563572884,6711.0,9,3019950.0,6.0399,EQUITY,-0.08940545373267769,-0.0054
2025-09-29,@EU#C,1,0.001712840748950839,1.1781,8,1178100.0,2.3562,FX,0.22493846023258138,0.005300000000000082
2025-09-29,@FV#C,1,1.3249128642200958e-05,109.171875,36,3930187.5,7.860375,RATESUS,0.093029912695005,0.0073124999999999996
2025-09-29,@JY#C,1,-0.00011118885595351458,0.006783,14,1187025.0,2.37405,FX,0.5381099808344402,0.012775000000000028
2025-09-29,@KW#C,-1,-0.003447126131504774,509.5,0,0.0,0.0,AGS,2.845927379784102,0.0
2025-09-29,@NQ#C,1,0.0021207055542618036,24849.25,6,2981910.0,5.96382,EQUITY,-0.26560157751239977,-0.01584
2025-09-29,@RTY#C,1,0.0008225382189266384,2450.0,27,3307500.0,6.615,EQUITY,-0.7102040816326568,-0.04698000000000025
2025-09-29,@S#C,1,0.00206845928914845,1011.0,7,353850.0,0.7077,AGS,-1.5084075173095945,-0.010675
2025-09-29,@SM#C,-1,-0.014120844192802906,276.7,-12,332039.99999999994,0.6640799999999999,AGS,1.590169859053118,0.010559999999999943
2025-09-29,@TY#C,-1,-0.00038533538463525474,112.546875,-35,3939140.625,7.87828125,RATESUS,-0.08329862557267806,-0.0065625
2025-09-29,@US#C,-1,-0.0015027904883027077,116.84375,-34,3972687.5,7.945375,RATESUS,-0.08023535704733886,-0.0063750000000000005
2025-09-29,@W#C,1,-0.0006960391183383763,521.5,13,338975.0,0.6779499999999999,AGS,-2.876318312559923,-0.019499999999999997
2025-09-29,BD#C,-1,-0.001563554396852851,128.63,-30,3858899.9999999995,7.7177999999999995,RATESEU,0.10883930653812202,0.00839999999999918
2025-09-29,BL#C,-1,-0.0009912574896588922,117.79,-33,3887070.0,7.77414,RATESEU,0.01697937006537926,0.0013200000000006755
2025-09-29,QBZ#C,1,0.008835872635245323,66.92,17,1137640.0,2.27528,Energy,-0.8218768679019682,-0.018699999999999904
2025-09-29,QCL#C,-1,-0.005909396801143885,63.28,-18,1139040.0,2.27808,Energy,0.9007585335018967,0.02052000000000001
2025-09-29,QGC#C,1,0.0007464657537639141,3859.3,3,1157790.0000000002,2.3155800000000006,METALS,0.3757158033840334,0.008700000000000003
2025-09-29,QHG#C,-1,0.003610753919929266,4.88,-10,1220000.0,2.44,METALS,0.5327868852458976,0.012999999999999899
2025-09-29,QNG#C,1,0.0010153243783861399,3.232,10,323200.0,0.6464,Energy,2.9393564356435564,0.018999999999999947
2025-09-29,QPL#C,1,0.006840609945356846,1628.5,15,1221375.0,2.44275,METALS,-1.4123426466073075,-0.0345
2025-09-29,QRB#C,-1,0.010386256501078606,1.9405,-13,1059513.0,2.119026,Energy,0.5359443442411732,0.011356799999999962
2025-09-29,QSI#C,1,0.0028816601261496544,47.24,5,1181000.0,2.3619999999999997,METALS,-1.2912785774767133,-0.03049999999999996
